"Symbol","Name","Synonyms","HGNC","ENSEMBL","NCBI","#Transcripts","#Proteins"
"SLC1A1","solute carrier family 1 member 1","EAAC1,EAAT3","HGNC:10939","ENSG00000106688","6505","3","1"
"SLC1A2","solute carrier family 1 member 2","GLT-1,EAAT2","HGNC:10940","ENSG00000110436","6506","50","3"
"SLC1A3","solute carrier family 1 member 3","EAAT1,GLAST,EA6","HGNC:10941","ENSG00000079215","6507","16","2"
"SLC1A4","solute carrier family 1 member 4","SATT,ASCT1","HGNC:10942","ENSG00000115902","6509","5","2"
"SLC1A5","solute carrier family 1 member 5","AAAT,ASCT2","HGNC:10943","ENSG00000105281","6510","6","3"
"SLC1A6","solute carrier family 1 member 6","EAAT4","HGNC:10944","ENSG00000105143","6511","11","2"
"SLC1A7","solute carrier family 1 member 7","EAAT5","HGNC:10945","ENSG00000162383","6512","7","2"
"SLC2A1","solute carrier family 2 member 1","DYT18,DYT9","HGNC:11005","ENSG00000117394","6513","9","1"
"SLC2A2","solute carrier family 2 member 2","","HGNC:11006","ENSG00000163581","6514","5","2"
"SLC2A3","solute carrier family 2 member 3","","HGNC:11007","ENSG00000059804","6515","11","1"
"SLC2A4","solute carrier family 2 member 4","","HGNC:11009","ENSG00000181856","6517","5","2"
"SLC2A5","solute carrier family 2 member 5","","HGNC:11010","ENSG00000142583","6518","10","2"
"SLC2A6","solute carrier family 2 member 6","GLUT9,GLUT6,HSA011372","HGNC:11011","ENSG00000160326","11182","5","2"
"SLC2A7","solute carrier family 2 member 7","GLUT7","HGNC:13445","ENSG00000197241","155184","1","1"
"SLC2A8","solute carrier family 2 member 8","GLUTX1,GLUT8","HGNC:13812","ENSG00000136856","29988","15","1"
"SLC2A9","solute carrier family 2 member 9","Glut9,GLUTX,URATv1","HGNC:13446","ENSG00000109667","56606","13","2"
"SLC2A10","solute carrier family 2 member 10","GLUT10","HGNC:13444","ENSG00000197496","81031","3","1"
"SLC2A11","solute carrier family 2 member 11","GLUT11,GLUT10","HGNC:14239","ENSG00000133460","66035","23","4"
"SLC2A12","solute carrier family 2 member 12","GLUT12,GLUT8","HGNC:18067","ENSG00000146411","154091","1","1"
"SLC2A13","solute carrier family 2 member 13","HMIT","HGNC:15956","ENSG00000151229","114134","4","1"
"SLC2A14","solute carrier family 2 member 14","GLUT14","HGNC:18301","ENSG00000173262","144195","21","5"
"SLC3A1","solute carrier family 3 member 1","CSNU1,D2H,RBAT,ATR1,NBAT","HGNC:11025","ENSG00000138079","6519","10","6"
"SLC3A2","solute carrier family 3 member 2","4T2HC,4F2,NACAE,CD98,CD98HC,4F2HC","HGNC:11026","ENSG00000168003","6520","23","3"
"SLC4A1","solute carrier family 4 member 1 (Diego blood group)","RTA1A,CD233,FR,SW,WR","HGNC:11027","ENSG00000004939","6521","5","2"
"SLC4A2","solute carrier family 4 member 2","HKB3,BND3L,NBND3","HGNC:11028","ENSG00000164889","6522","19","3"
"SLC4A3","solute carrier family 4 member 3","AE3,SLC2C","HGNC:11029","ENSG00000114923","6508","9","2"
"SLC4A4","solute carrier family 4 member 4","NBC1,HNBC1,NBC2,pNBC,hhNMC","HGNC:11030","ENSG00000080493","8671","9","5"
"SLC4A5","solute carrier family 4 member 5","NBC4","HGNC:18168","ENSG00000188687","57835","14","4"
"SLC4A7","solute carrier family 4 member 7","NBC3,SBC2","HGNC:11033","ENSG00000033867","9497","18","10"
"SLC4A8","solute carrier family 4 member 8","NBC3","HGNC:11034","ENSG00000050438","9498","18","6"
"SLC4A9","solute carrier family 4 member 9","AE4","HGNC:11035","ENSG00000113073","83697","6","4"
"SLC4A10","solute carrier family 4 member 10","NBCn2,NCBE","HGNC:13811","ENSG00000144290","57282","12","3"
"SLC4A11","solute carrier family 4 member 11","dJ794I6.2,BTR1,NaBC1,FECD4","HGNC:16438","ENSG00000088836","83959","13","4"
"SLC5A1","solute carrier family 5 member 1","D22S675,NAGT","HGNC:11036","ENSG00000100170","6523","4","2"
"SLC5A2","solute carrier family 5 member 2","","HGNC:11037","ENSG00000140675","6524","9","2"
"SLC5A3","solute carrier family 5 member 3","SMIT,SMIT1","HGNC:11038","ENSG00000198743","6526","1","1"
"SLC5A4","solute carrier family 5 member 4","SAAT1,SGLT3,DJ90G24.4","HGNC:11039","ENSG00000100191","6527","1","1"
"SLC5A5","solute carrier family 5 member 5","NIS","HGNC:11040","ENSG00000105641","6528","2","1"
"SLC5A6","solute carrier family 5 member 6","SMVT","HGNC:11041","ENSG00000138074","8884","18","1"
"SLC5A7","solute carrier family 5 member 7","hCHT,CHT1","HGNC:14025","ENSG00000115665","60482","2","1"
"SLC5A8","solute carrier family 5 member 8","AIT","HGNC:19119","ENSG00000256870","160728","1","1"
"SLC5A9","solute carrier family 5 member 9","SGLT4","HGNC:22146","ENSG00000117834","200010","10","3"
"SLC5A10","solute carrier family 5 member 10","SGLT5","HGNC:23155","ENSG00000154025","125206","6","5"
"SLC5A11","solute carrier family 5 member 11","KST1,SMIT2,SGLT6","HGNC:23091","ENSG00000158865","115584","12","5"
"SLC5A12","solute carrier family 5 member 12","MGC52019,SMCT2","HGNC:28750","ENSG00000148942","159963","5","2"
"SLC6A1","solute carrier family 6 member 1","GAT1,GABATR,GABATHG","HGNC:11042","ENSG00000157103","6529","41","1"
"SLC6A2","solute carrier family 6 member 2","NET","HGNC:11048","ENSG00000103546","6530","10","3"
"SLC6A3","solute carrier family 6 member 3","DAT","HGNC:11049","ENSG00000142319","6531","3","1"
"SLC6A4","solute carrier family 6 member 4","5-HTT,SERT1","HGNC:11050","ENSG00000108576","6532","5","2"
"SLC6A5","solute carrier family 6 member 5","GLYT2","HGNC:11051","ENSG00000165970","9152","3","1"
"SLC6A6","solute carrier family 6 member 6","TAUT","HGNC:11052","ENSG00000131389","6533","12","2"
"SLC6A7","solute carrier family 6 member 7","PROT","HGNC:11054","ENSG00000011083","6534","3","1"
"SLC6A8","solute carrier family 6 member 8","CRTR,CT1","HGNC:11055","ENSG00000130821","6535","10","3"
"SLC6A9","solute carrier family 6 member 9","GLYT1","HGNC:11056","ENSG00000196517","6536","11","3"
"SLC6A11","solute carrier family 6 member 11","GAT3","HGNC:11044","ENSG00000132164","6538","3","2"
"SLC6A12","solute carrier family 6 member 12","BGT-1","HGNC:11045","ENSG00000111181","6539","16","1"
"SLC6A13","solute carrier family 6 member 13","GAT2","HGNC:11046","ENSG00000010379","6540","12","3"
"SLC6A14","solute carrier family 6 member 14","","HGNC:11047","ENSG00000268104","11254","2","1"
"SLC6A15","solute carrier family 6 member 15","hv7-3,NTT73,FLJ10316,V7-3,SBAT1","HGNC:13621","ENSG00000072041","55117","11","3"
"SLC6A16","solute carrier family 6 member 16","NTT5","HGNC:13622","ENSG00000063127","28968","7","2"
"SLC6A17","solute carrier family 6 member 17","","HGNC:31399","ENSG00000197106","388662","2","1"
"SLC6A18","solute carrier family 6 member 18","FLJ31236,Xtrp2","HGNC:26441","ENSG00000164363","348932","2","1"
"SLC6A19","solute carrier family 6 member 19","","HGNC:27960","ENSG00000174358","340024","2","1"
"SLC6A20","solute carrier family 6 member 20","XT3,Xtrp3","HGNC:30927","ENSG00000163817","54716","7","2"
"SLC7A1","solute carrier family 7 member 1","CAT-1,HCAT1,REC1L","HGNC:11057","ENSG00000139514","6541","3","1"
"SLC7A2","solute carrier family 7 member 2","CAT-2,HCAT2","HGNC:11060","ENSG00000003989","6542","6","3"
"SLC7A3","solute carrier family 7 member 3","CAT-3,ATRC3,FLJ14541","HGNC:11061","ENSG00000165349","84889","2","1"
"SLC7A4","solute carrier family 7 member 4","HCAT3,CAT-4,VH","HGNC:11062","ENSG00000099960","6545","3","1"
"SLC7A5","solute carrier family 7 member 5","LAT1,E16,D16S469E,MPE16,CD98","HGNC:11063","ENSG00000103257","8140","3","1"
"SLC7A6","solute carrier family 7 member 6","y+LAT-2,KIAA0245,LAT3,LAT-2","HGNC:11064","ENSG00000103064","9057","17","1"
"SLC7A7","solute carrier family 7 member 7","y+LAT-1","HGNC:11065","ENSG00000155465","9056","21","1"
"SLC7A8","solute carrier family 7 member 8","LPI-PC1,LAT2","HGNC:11066","ENSG00000092068","23428","14","4"
"SLC7A9","solute carrier family 7 member 9","","HGNC:11067","ENSG00000021488","11136","6","1"
"SLC7A10","solute carrier family 7 member 10","asc-1","HGNC:11058","ENSG00000130876","56301","5","1"
"SLC7A11","solute carrier family 7 member 11","xCT","HGNC:11059","ENSG00000151012","23657","2","1"
"SLC7A13","solute carrier family 7 member 13","AGT-1,XAT2","HGNC:23092","ENSG00000164893","157724","3","2"
"SLC7A14","solute carrier family 7 member 14","KIAA1613,PPP1R142","HGNC:29326","ENSG00000013293","57709","2","1"
"SLC8A1","solute carrier family 8 member A1","","HGNC:11068","ENSG00000183023","6546","12","4"
"SLC8A2","solute carrier family 8 member A2","NCX2,KIAA1087","HGNC:11069","ENSG00000118160","6543","7","1"
"SLC8A3","solute carrier family 8 member A3","NCX3","HGNC:11070","ENSG00000100678","6547","10","7"
"SLC8B1","solute carrier family 8 member B1","FLJ22233,NCKX6,NCLX","HGNC:26175","ENSG00000089060","80024","16","2"
"SLC9A1","solute carrier family 9 member A1","PPP1R143","HGNC:11071","ENSG00000090020","6548","6","2"
"SLC9A2","solute carrier family 9 member A2","","HGNC:11072","ENSG00000115616","6549","3","1"
"SLC9A3","solute carrier family 9 member A3","","HGNC:11073","ENSG00000066230","6550","4","2"
"SLC9A4","solute carrier family 9 member A4","NHE4","HGNC:11077","ENSG00000180251","389015","2","1"
"SLC9A5","solute carrier family 9 member A5","NHE5","HGNC:11078","ENSG00000135740","6553","9","1"
"SLC9A6","solute carrier family 9 member A6","NHE6,KIAA0267","HGNC:11079","ENSG00000198689","10479","16","3"
"SLC9A7","solute carrier family 9 member A7","NHE7","HGNC:17123","ENSG00000065923","84679","5","1"
"SLC9A8","solute carrier family 9 member A8","KIAA0939,NHE8","HGNC:20728","ENSG00000197818","23315","4","2"
"SLC9A9","solute carrier family 9 member A9","FLJ35613,NHE9","HGNC:20653","ENSG00000181804","285195","5","1"
"SLC9B1","solute carrier family 9 member B1","NHA1","HGNC:24244","ENSG00000164037","150159","11","4"
"SLC9B2","solute carrier family 9 member B2","FLJ23984,NHA2","HGNC:25143","ENSG00000164038","133308","11","1"
"SLC9C1","solute carrier family 9 member C1","NHE","HGNC:31401","ENSG00000172139","285335","5","2"
"SLC9C2","solute carrier family 9 member C2 (putative)","MGC43026","HGNC:28664","ENSG00000162753","284525","5","1"
"SLC10A1","solute carrier family 10 member 1","NTCP","HGNC:10905","ENSG00000100652","6554","1","1"
"SLC10A2","solute carrier family 10 member 2","","HGNC:10906","ENSG00000125255","6555","1","1"
"SLC10A3","solute carrier family 10 member 3","P3,DXS253E","HGNC:22979","ENSG00000126903","8273","5","2"
"SLC10A4","solute carrier family 10 member 4","MGC29802","HGNC:22980","ENSG00000145248","201780","1","1"
"SLC10A5","solute carrier family 10 member 5","","HGNC:22981","ENSG00000253598","347051","1","1"
"SLC10A6","solute carrier family 10 member 6","SOAT","HGNC:30603","ENSG00000145283","345274","2","1"
"SLC10A7","solute carrier family 10 member 7","MGC25043,DKFZp566M114,DKFZp313H0531,DKFZp779O2438","HGNC:23088","ENSG00000120519","84068","9","6"
"SLC11A1","solute carrier family 11 member 1","","HGNC:10907","ENSG00000018280","6556","18","2"
"SLC11A2","solute carrier family 11 member 2","DCT1,DMT1","HGNC:10908","ENSG00000110911","4891","34","4"
"SLC12A1","solute carrier family 12 member 1","NKCC2","HGNC:10910","ENSG00000074803","6557","14","2"
"SLC12A2","solute carrier family 12 member 2","NKCC1,BSC,BSC2,PPP1R141","HGNC:10911","ENSG00000064651","6558","8","2"
"SLC12A3","solute carrier family 12 member 3","NCCT","HGNC:10912","ENSG00000070915","6559","6","3"
"SLC12A4","solute carrier family 12 member 4","KCC1","HGNC:10913","ENSG00000124067","6560","19","6"
"SLC12A5","solute carrier family 12 member 5","KIAA1176,KCC2","HGNC:13818","ENSG00000124140","57468","25","2"
"SLC12A6","solute carrier family 12 member 6","","HGNC:10914","ENSG00000140199","9990","20","5"
"SLC12A7","solute carrier family 12 member 7","KCC4,DKFZP434F076","HGNC:10915","ENSG00000113504","10723","6","1"
"SLC12A8","solute carrier family 12 member 8","CCC9","HGNC:15595","ENSG00000221955","84561","16","3"
"SLC12A9","solute carrier family 12 member 9","CIP1","HGNC:17435","ENSG00000146828","56996","15","3"
"SLC13A1","solute carrier family 13 member 1","NaSi-1,NAS1","HGNC:10916","ENSG00000081800","6561","4","1"
"SLC13A2","solute carrier family 13 member 2","NaDC-1","HGNC:10917","ENSG00000007216","9058","7","3"
"SLC13A3","solute carrier family 13 member 3","NADC3,SDCT2","HGNC:14430","ENSG00000158296","64849","11","4"
"SLC13A4","solute carrier family 13 member 4","SUT-1,SUT1","HGNC:15827","ENSG00000164707","26266","7","1"
"SLC13A5","solute carrier family 13 member 5","NACT,INDY","HGNC:23089","ENSG00000141485","284111","12","4"
"SLC14A1","solute carrier family 14 member 1 (Kidd blood group)","HsT1341,RACH1,RACH2","HGNC:10918","ENSG00000141469","6563","20","2"
"SLC14A2","solute carrier family 14 member 2","HUT2,UT2","HGNC:10919","ENSG00000132874","8170","3","2"
"SLC15A1","solute carrier family 15 member 1","PEPT1,HPECT1,HPEPT1","HGNC:10920","ENSG00000088386","6564","2","1"
"SLC15A2","solute carrier family 15 member 2","PEPT2","HGNC:10921","ENSG00000163406","6565","7","2"
"SLC15A3","solute carrier family 15 member 3","PHT2,hPTR3","HGNC:18068","ENSG00000110446","51296","9","1"
"SLC15A4","solute carrier family 15 member 4","PHT1,PTR4","HGNC:23090","ENSG00000139370","121260","8","2"
"SLC15A5","solute carrier family 15 member 5","","HGNC:33455","ENSG00000188991","729025","1","1"
"SLC16A1","solute carrier family 16 member 1","MCT,MCT1","HGNC:10922","ENSG00000155380","6566","7","1"
"SLC16A2","solute carrier family 16 member 2","XPCT,MCT8,MCT7","HGNC:10923","ENSG00000147100","6567","3","1"
"SLC16A3","solute carrier family 16 member 3","MCT3,MCT4","HGNC:10924","ENSG00000141526","9123","22","1"
"SLC16A4","solute carrier family 16 member 4","MCT4,MCT5","HGNC:10925","ENSG00000168679","9122","10","5"
"SLC16A5","solute carrier family 16 member 5","MCT5,MCT6","HGNC:10926","ENSG00000170190","9121","10","2"
"SLC16A6","solute carrier family 16 member 6","MCT6,MCT7","HGNC:10927","ENSG00000108932","9120","5","1"
"SLC16A7","solute carrier family 16 member 7","MCT2","HGNC:10928","ENSG00000118596","9194","16","1"
"SLC16A8","solute carrier family 16 member 8","MCT3,REMP","HGNC:16270","ENSG00000100156","23539","3","1"
"SLC16A9","solute carrier family 16 member 9","FLJ43803,MCT9","HGNC:23520","ENSG00000165449","220963","3","1"
"SLC16A10","solute carrier family 16 member 10","TAT1,MCT10","HGNC:17027","ENSG00000112394","117247","6","1"
"SLC16A11","solute carrier family 16 member 11","FLJ90193,MCT11","HGNC:23093","ENSG00000174326","162515","4","1"
"SLC16A12","solute carrier family 16 member 12","MCT12","HGNC:23094","ENSG00000152779","387700","2","1"
"SLC16A13","solute carrier family 16 member 13","MCT13","HGNC:31037","ENSG00000174327","201232","2","1"
"SLC16A14","solute carrier family 16 member 14","FLJ30794,MCT14","HGNC:26417","ENSG00000163053","151473","5","2"
"SLC17A1","solute carrier family 17 member 1","NAPI-1","HGNC:10929","ENSG00000124568","6568","4","2"
"SLC17A2","solute carrier family 17 member 2","NPT3","HGNC:10930","ENSG00000112337","10246","3","3"
"SLC17A3","solute carrier family 17 member 3","NPT4","HGNC:10931","ENSG00000124564","10786","10","2"
"SLC17A4","solute carrier family 17 member 4","KIAA2138","HGNC:10932","ENSG00000146039","10050","3","3"
"SLC17A5","solute carrier family 17 member 5","AST,SD,ISSD,NSD,SIALIN,SLD","HGNC:10933","ENSG00000119899","26503","2","1"
"SLC17A6","solute carrier family 17 member 6","DNPI,VGLUT2","HGNC:16703","ENSG00000091664","57084","3","1"
"SLC17A7","solute carrier family 17 member 7","BNPI,VGLUT1","HGNC:16704","ENSG00000104888","57030","5","3"
"SLC17A8","solute carrier family 17 member 8","VGLUT3","HGNC:20151","ENSG00000179520","246213","4","2"
"SLC17A9","solute carrier family 17 member 9","FLJ23412,VNUT","HGNC:16192","ENSG00000101194","63910","7","3"
"SLC18A1","solute carrier family 18 member A1","CGAT","HGNC:10934","ENSG00000036565","6570","10","3"
"SLC18A2","solute carrier family 18 member A2","SVMT,SVAT","HGNC:10935","ENSG00000165646","6571","3","2"
"SLC18A3","solute carrier family 18 member A3","VACHT","HGNC:10936","ENSG00000187714","6572","1","1"
"SLC18B1","solute carrier family 18 member B1","dJ55C23.6","HGNC:21573","ENSG00000146409","116843","7","1"
"SLC19A1","solute carrier family 19 member 1","FOLT,RFC1","HGNC:10937","ENSG00000173638","6573","12","3"
"SLC19A2","solute carrier family 19 member 2","THTR1","HGNC:10938","ENSG00000117479","10560","5","2"
"SLC19A3","solute carrier family 19 member 3","THTR2","HGNC:16266","ENSG00000135917","80704","14","1"
"SLC20A1","solute carrier family 20 member 1","PiT-1,Glvr-1","HGNC:10946","ENSG00000144136","6574","9","1"
"SLC20A2","solute carrier family 20 member 2","PiT-2,Glvr-2,Ram-1","HGNC:10947","ENSG00000168575","6575","14","1"
"SLCO1A2","solute carrier organic anion transporter family member 1A2","OATP,OATP1A2,OATP-A","HGNC:10956","ENSG00000084453","6579","17","2"
"SLCO1B1","solute carrier organic anion transporter family member 1B1","OATP-C,LST-1,OATP1B1","HGNC:10959","ENSG00000134538","10599","1","1"
"SLCO1B3","solute carrier organic anion transporter family member 1B3","OATP8,OATP1B3","HGNC:10961","ENSG00000111700","28234","5","1"
"SLCO1B7","solute carrier organic anion transporter family member 1B7 (putative)","LST3,SLC21A21","HGNC:32934","ENSG00000205754","338821","4","1"
"SLCO1C1","solute carrier organic anion transporter family member 1C1","OATP-F,OATP1C1,OATP1","HGNC:13819","ENSG00000139155","53919","9","4"
"SLCO2A1","solute carrier organic anion transporter family member 2A1","PGT,OATP2A1","HGNC:10955","ENSG00000174640","6578","9","2"
"SLCO2B1","solute carrier organic anion transporter family member 2B1","OATP-B,OATP2B1","HGNC:10962","ENSG00000137491","11309","19","3"
"SLCO3A1","solute carrier organic anion transporter family member 3A1","OATP-D,OATP3A1","HGNC:10952","ENSG00000176463","28232","13","3"
"SLCO4A1","solute carrier organic anion transporter family member 4A1","OATP-E,OATP4A1","HGNC:10953","ENSG00000101187","28231","9","1"
"SLCO4C1","solute carrier organic anion transporter family member 4C1","SLC21A20,OATP4C1,OATPX,OATP-H","HGNC:23612","ENSG00000173930","353189","1","1"
"SLCO5A1","solute carrier organic anion transporter family member 5A1","OATPRP4,OATP-J,OATP5A1","HGNC:19046","ENSG00000137571","81796","8","3"
"SLCO6A1","solute carrier organic anion transporter family member 6A1","OATP6A1,OATPY,MGC26949,CT48","HGNC:23613","ENSG00000205359","133482","9","2"
"SLC22A1","solute carrier family 22 member 1","OCT1","HGNC:10963","ENSG00000175003","6580","8","4"
"SLC22A2","solute carrier family 22 member 2","OCT2","HGNC:10966","ENSG00000112499","6582","6","1"
"SLC22A3","solute carrier family 22 member 3","OCT3,EMT","HGNC:10967","ENSG00000146477","6581","1","1"
"SLC22A4","solute carrier family 22 member 4","OCTN1,MGC34546","HGNC:10968","ENSG00000197208","6583","3","1"
"SLC22A5","solute carrier family 22 member 5","OCTN2,SCD","HGNC:10969","ENSG00000197375","6584","9","3"
"SLC22A6","solute carrier family 22 member 6","ROAT1,PAHT,OAT1","HGNC:10970","ENSG00000197901","9356","6","4"
"SLC22A7","solute carrier family 22 member 7","NLT,OAT2","HGNC:10971","ENSG00000137204","10864","9","3"
"SLC22A8","solute carrier family 22 member 8","OAT3","HGNC:10972","ENSG00000149452","9376","10","4"
"SLC22A9","solute carrier family 22 member 9","OAT4,FLJ23666,UST3,OAT7","HGNC:16261","ENSG00000149742","114571","2","2"
"SLC22A10","solute carrier family 22 member 10","OAT5,hOAT5","HGNC:18057","ENSG00000184999","387775","6","2"
"SLC22A11","solute carrier family 22 member 11","OAT4","HGNC:18120","ENSG00000168065","55867","8","2"
"SLC22A12","solute carrier family 22 member 12","OAT4L,RST,URAT1","HGNC:17989","ENSG00000197891","116085","5","4"
"SLC22A13","solute carrier family 22 member 13","OCTL1,OCTL3,OAT10","HGNC:8494","ENSG00000172940","9390","3","1"
"SLC22A14","solute carrier family 22 member 14","OCTL2","HGNC:8495","ENSG00000144671","9389","4","1"
"SLC22A15","solute carrier family 22 member 15","FLIPT1","HGNC:20301","ENSG00000163393","55356","3","2"
"SLC22A16","solute carrier family 22 member 16","FLIPT2,CT2,OKB1,OAT6","HGNC:20302","ENSG00000004809","85413","8","2"
"SLC22A17","solute carrier family 22 member 17","BOCT,BOIT,NGALR","HGNC:23095","ENSG00000092096","51310","11","2"
"SLC22A18","solute carrier family 22 member 18","BWR1A,TSSC5,ITM","HGNC:10964","ENSG00000110628","5002","14","1"
"SLC22A23","solute carrier family 22 member 23","FLJ22174","HGNC:21106","ENSG00000137266","63027","12","4"
"SLC22A24","solute carrier family 22 member 24","MGC34821,NET46","HGNC:28542","ENSG00000197658","283238","3","1"
"SLC22A25","solute carrier family 22 member 25","UST6,HIMTP,MGC120420","HGNC:32935","ENSG00000196600","387601","4","1"
"SLC22A31","solute carrier family 22 member 31","","HGNC:27091","ENSG00000259803","146429","6","0"
"SLC23A1","solute carrier family 23 member 1","YSPL3,SVCT1","HGNC:10974","ENSG00000170482","9963","7","2"
"SLC23A2","solute carrier family 23 member 2","SVCT2,KIAA0238,YSPL2","HGNC:10973","ENSG00000089057","9962","5","1"
"SLC23A3","solute carrier family 23 member 3","SVCT3,FLJ31168,Yspl1","HGNC:20601","ENSG00000213901","151295","10","3"
"SLC24A1","solute carrier family 24 member 1","NCKX1,NCKX,RODX,KIAA0702,HsT17412,CSNB1D","HGNC:10975","ENSG00000074621","9187","12","3"
"SLC24A2","solute carrier family 24 member 2","NCKX2","HGNC:10976","ENSG00000155886","25769","2","2"
"SLC24A3","solute carrier family 24 member 3","","HGNC:10977","ENSG00000185052","57419","2","1"
"SLC24A4","solute carrier family 24 member 4","NCKX4","HGNC:10978","ENSG00000140090","123041","8","3"
"SLC24A5","solute carrier family 24 member 5","JSX,OCA6","HGNC:20611","ENSG00000188467","283652","4","2"
"SLC25A1","solute carrier family 25 member 1","CTP","HGNC:10979","ENSG00000100075","6576","5","1"
"SLC25A2","solute carrier family 25 member 2","ORNT2","HGNC:22921","ENSG00000120329","83884","1","1"
"SLC25A3","solute carrier family 25 member 3","","HGNC:10989","ENSG00000075415","5250","17","2"
"SLC25A4","solute carrier family 25 member 4","T1","HGNC:10990","ENSG00000151729","291","2","1"
"SLC25A5","solute carrier family 25 member 5","T2,2F1,T3","HGNC:10991","ENSG00000005022","292","4","1"
"SLC25A6","solute carrier family 25 member 6","ANT3Y,MGC17525","HGNC:10992","ENSG00000169100","293","3","1"
"SLC25A10","solute carrier family 25 member 10","","HGNC:10980","ENSG00000183048","1468","8","2"
"SLC25A11","solute carrier family 25 member 11","OGC","HGNC:10981","ENSG00000108528","8402","5","2"
"SLC25A12","solute carrier family 25 member 12","Aralar","HGNC:10982","ENSG00000115840","8604","10","2"
"SLC25A13","solute carrier family 25 member 13","CITRIN,ARALAR2","HGNC:10983","ENSG00000004864","10165","8","2"
"SLC25A14","solute carrier family 25 member 14","BMCP1,UCP5","HGNC:10984","ENSG00000102078","9016","15","3"
"SLC25A15","solute carrier family 25 member 15","ORC1,D13S327","HGNC:10985","ENSG00000102743","10166","4","1"
"SLC25A16","solute carrier family 25 member 16","GDA,D10S105E,HGT.1,ML7","HGNC:10986","ENSG00000122912","8034","7","1"
"SLC25A17","solute carrier family 25 member 17","PMP34","HGNC:10987","ENSG00000100372","10478","17","1"
"SLC25A18","solute carrier family 25 member 18","","HGNC:10988","ENSG00000182902","83733","6","1"
"SLC25A19","solute carrier family 25 member 19","DNC,MUP1,TPC","HGNC:14409","ENSG00000125454","60386","15","2"
"SLC25A20","solute carrier family 25 member 20","CAC","HGNC:1421","ENSG00000178537","788","4","1"
"SLC25A21","solute carrier family 25 member 21","ODC1,ODC","HGNC:14411","ENSG00000183032","89874","5","2"
"SLC25A22","solute carrier family 25 member 22","GC1,FLJ13044,NET44,EIEE3","HGNC:19954","ENSG00000177542","79751","31","1"
"SLC25A23","solute carrier family 25 member 23","FLJ30339,MGC2615,APC2","HGNC:19375","ENSG00000125648","79085","13","3"
"SLC25A24","solute carrier family 25 member 24","DKFZp586G0123,APC1","HGNC:20662","ENSG00000085491","29957","5","2"
"SLC25A25","solute carrier family 25 member 25","KIAA1896,PCSCL,MCSC","HGNC:20663","ENSG00000148339","114789","8","6"
"SLC25A26","solute carrier family 25 member 26","","HGNC:20661","ENSG00000144741","115286","6","3"
"SLC25A27","solute carrier family 25 member 27","UCP4,FLJ33552","HGNC:21065","ENSG00000153291","9481","8","2"
"SLC25A28","solute carrier family 25 member 28","MRS3/4,MRS4L","HGNC:23472","ENSG00000155287","81894","4","2"
"SLC25A29","solute carrier family 25 member 29","FLJ38975","HGNC:20116","ENSG00000197119","123096","20","3"
"SLC25A30","solute carrier family 25 member 30","","HGNC:27371","ENSG00000174032","253512","8","2"
"SLC25A31","solute carrier family 25 member 31","DKFZP434N1235,ANT4","HGNC:25319","ENSG00000151475","83447","1","1"
"SLC25A32","solute carrier family 25 member 32","MFTC","HGNC:29683","ENSG00000164933","81034","5","1"
"SLC25A33","solute carrier family 25 member 33","MGC4399,BMSC-MCP,PNC1","HGNC:29681","ENSG00000171612","84275","1","1"
"SLC25A34","solute carrier family 25 member 34","DKFZp781A10161","HGNC:27653","ENSG00000162461","284723","3","1"
"SLC25A35","solute carrier family 25 member 35","FLJ40217","HGNC:31921","ENSG00000125434","399512","7","4"
"SLC25A36","solute carrier family 25 member 36","FLJ10618,PNC2","HGNC:25554","ENSG00000114120","55186","16","4"
"SLC25A37","solute carrier family 25 member 37","MSCP,MFRN,MFRN1,HT015","HGNC:29786","ENSG00000147454","51312","12","3"
"SLC25A38","solute carrier family 25 member 38","FLJ20551","HGNC:26054","ENSG00000144659","54977","10","1"
"SLC25A39","solute carrier family 25 member 39","FLJ22407,CGI-69","HGNC:24279","ENSG00000013306","51629","17","2"
"SLC25A40","solute carrier family 25 member 40","MCFP","HGNC:29680","ENSG00000075303","55972","8","1"
"SLC25A41","solute carrier family 25 member 41","FLJ40442,MGC34725,APC4","HGNC:28533","ENSG00000181240","284427","3","2"
"SLC25A42","solute carrier family 25 member 42","MGC26694","HGNC:28380","ENSG00000181035","284439","6","1"
"SLC25A43","solute carrier family 25 member 43","","HGNC:30557","ENSG00000077713","203427","4","1"
"SLC25A44","solute carrier family 25 member 44","FLJ90431,KIAA0446","HGNC:29036","ENSG00000160785","9673","5","1"
"SLC25A45","solute carrier family 25 member 45","","HGNC:27442","ENSG00000162241","283130","15","4"
"SLC25A46","solute carrier family 25 member 46","","HGNC:25198","ENSG00000164209","91137","8","3"
"SLC25A47","solute carrier family 25 member 47","","HGNC:20115","ENSG00000140107","283600","2","2"
"SLC25A48","solute carrier family 25 member 48","FLJ44862,HDMCP","HGNC:30451","ENSG00000145832","153328","10","3"
"SLC25A51","solute carrier family 25 member 51","MGC14836,CG7943","HGNC:23323","ENSG00000122696","92014","3","1"
"SLC25A52","solute carrier family 25 member 52","","HGNC:23324","ENSG00000141437","147407","1","1"
"SLC25A53","solute carrier family 25 member 53","","HGNC:31894","ENSG00000269743","401612","2","1"
"SLC26A1","solute carrier family 26 member 1","SAT-1,EDM4","HGNC:10993","ENSG00000145217","10861","5","2"
"SLC26A2","solute carrier family 26 member 2","DTDST","HGNC:10994","ENSG00000155850","1836","3","1"
"SLC26A3","solute carrier family 26 member 3","","HGNC:3018","ENSG00000091138","1811","5","1"
"SLC26A4","solute carrier family 26 member 4","PDS","HGNC:8818","ENSG00000091137","5172","9","2"
"SLC26A5","solute carrier family 26 member 5","DFNB61","HGNC:9359","ENSG00000170615","375611","15","6"
"SLC26A6","solute carrier family 26 member 6","DKFZp586E1422","HGNC:14472","ENSG00000225697","65010","22","5"
"SLC26A7","solute carrier family 26 member 7","SUT2","HGNC:14467","ENSG00000147606","115111","10","2"
"SLC26A8","solute carrier family 26 member 8","","HGNC:14468","ENSG00000112053","116369","8","3"
"SLC26A9","solute carrier family 26 member 9","","HGNC:14469","ENSG00000174502","115019","6","2"
"SLC26A10","solute carrier family 26 member 10","","HGNC:14470","ENSG00000135502","65012","10","1"
"SLC26A11","solute carrier family 26 member 11","","HGNC:14471","ENSG00000181045","284129","17","1"
"SLC27A1","solute carrier family 27 member 1","FATP1,FATP,MGC71751,FLJ00336,ACSVL5","HGNC:10995","ENSG00000130304","376497","9","2"
"SLC27A2","solute carrier family 27 member 2","FATP2,hFACVL1,VLACS,VLCS,HsT17226,ACSVL1","HGNC:10996","ENSG00000140284","11001","4","2"
"SLC27A3","solute carrier family 27 member 3","FATP3,MGC4365,ACSVL3","HGNC:10997","ENSG00000143554","11000","14","2"
"SLC27A4","solute carrier family 27 member 4","FATP4,ACSVL4","HGNC:10998","ENSG00000167114","10999","2","2"
"SLC27A5","solute carrier family 27 member 5","FATP5,VLACSR,VLCS-H2,VLCSH2,FACVL3,FLJ22987,ACSVL6,ACSB","HGNC:10999","ENSG00000083807","10998","8","2"
"SLC27A6","solute carrier family 27 member 6","FATP6,VLCS-H1,FACVL2,ACSVL2","HGNC:11000","ENSG00000113396","28965","4","1"
"SLC28A1","solute carrier family 28 member 1","CNT1","HGNC:11001","ENSG00000156222","9154","4","2"
"SLC28A2","solute carrier family 28 member 2","CNT2,SPNT1,HCNT2,HsT17153","HGNC:11002","ENSG00000137860","9153","4","1"
"SLC28A3","solute carrier family 28 member 3","CNT3","HGNC:16484","ENSG00000197506","64078","2","2"
"SLC29A1","solute carrier family 29 member 1 (Augustine blood group)","","HGNC:11003","ENSG00000112759","2030","22","1"
"SLC29A2","solute carrier family 29 member 2","DER12","HGNC:11004","ENSG00000174669","3177","7","3"
"SLC29A3","solute carrier family 29 member 3","ENT3,FLJ11160","HGNC:23096","ENSG00000198246","55315","14","2"
"SLC29A4","solute carrier family 29 member 4","FLJ34923,ENT4","HGNC:23097","ENSG00000164638","222962","6","2"
"SLC30A1","solute carrier family 30 member 1","ZRC1","HGNC:11012","ENSG00000170385","7779","1","1"
"SLC30A2","solute carrier family 30 member 2","","HGNC:11013","ENSG00000158014","7780","3","2"
"SLC30A3","solute carrier family 30 member 3","","HGNC:11014","ENSG00000115194","7781","10","1"
"SLC30A4","solute carrier family 30 member 4","","HGNC:11015","ENSG00000104154","7782","2","1"
"SLC30A5","solute carrier family 30 member 5","ZTL1,ZnT-5,FLJ12496,FLJ12756,ZNT5,MGC5499,ZNTL1","HGNC:19089","ENSG00000145740","64924","9","4"
"SLC30A6","solute carrier family 30 member 6","FLJ31101,ZNT6","HGNC:19305","ENSG00000152683","55676","9","4"
"SLC30A7","solute carrier family 30 member 7","ZnTL2,ZNT7","HGNC:19306","ENSG00000162695","148867","3","1"
"SLC30A8","solute carrier family 30 member 8","ZnT-8,ZNT8","HGNC:20303","ENSG00000164756","169026","9","2"
"SLC30A9","solute carrier family 30 member 9","HUEL,ZNT9,GAC63","HGNC:1329","ENSG00000014824","10463","5","1"
"SLC30A10","solute carrier family 30 member 10","DKFZp547M236,ZnT-10,ZRC1,ZNT8","HGNC:25355","ENSG00000196660","55532","4","3"
"SLC31A1","solute carrier family 31 member 1","hCTR1,CTR1","HGNC:11016","ENSG00000136868","1317","2","1"
"SLC31A2","solute carrier family 31 member 2","hCTR2,CTR2","HGNC:11017","ENSG00000136867","1318","3","1"
"SLC32A1","solute carrier family 32 member 1","VGAT,bA122O1.1","HGNC:11018","ENSG00000101438","140679","1","1"
"SLC33A1","solute carrier family 33 member 1","AT-1,AT1","HGNC:95","ENSG00000169359","9197","11","1"
"SLC34A1","solute carrier family 34 member 1","NAPI-3,NPTIIa,SLC11","HGNC:11019","ENSG00000131183","6569","5","2"
"SLC34A2","solute carrier family 34 member 2","NAPI-3B","HGNC:11020","ENSG00000157765","10568","7","2"
"SLC34A3","solute carrier family 34 member 3","NPTIIc,FLJ38680","HGNC:20305","ENSG00000198569","142680","2","1"
"SLC35A1","solute carrier family 35 member A1","CMPST,hCST","HGNC:11021","ENSG00000164414","10559","5","2"
"SLC35A2","solute carrier family 35 member A2","UGAT,UGT,UGT1,UGT2,UGTL","HGNC:11022","ENSG00000102100","7355","18","5"
"SLC35A3","solute carrier family 35 member A3","","HGNC:11023","ENSG00000117620","23443","24","3"
"SLC35A4","solute carrier family 35 member A4","","HGNC:20753","ENSG00000176087","113829","4","2"
"SLC35A5","solute carrier family 35 member A5","FLJ20730","HGNC:20792","ENSG00000138459","55032","7","1"
"SLC35B1","solute carrier family 35 member B1","UGTREL1","HGNC:20798","ENSG00000121073","10237","20","2"
"SLC35B2","solute carrier family 35 member B2","UGTrel4","HGNC:16872","ENSG00000157593","347734","7","4"
"SLC35B3","solute carrier family 35 member B3","CGI-19,dJ453H5.1,PAPST2","HGNC:21601","ENSG00000124786","51000","5","1"
"SLC35B4","solute carrier family 35 member B4","FLJ14697,YEA4","HGNC:20584","ENSG00000205060","84912","4","2"
"SLC35C1","solute carrier family 35 member C1","FUCT1,FLJ11320","HGNC:20197","ENSG00000181830","55343","4","2"
"SLC35C2","solute carrier family 35 member C2","CGI-15,bA394O2.1","HGNC:17117","ENSG00000080189","51006","13","3"
"SLC35D1","solute carrier family 35 member D1","UGTREL7,KIAA0260","HGNC:20800","ENSG00000116704","23169","1","1"
"SLC35D2","solute carrier family 35 member D2","UGTrel8,SQV7L","HGNC:20799","ENSG00000130958","11046","6","2"
"SLC35D3","solute carrier family 35 member D3","","HGNC:15621","ENSG00000182747","340146","1","1"
"SLC35E1","solute carrier family 35 member E1","FLJ14251","HGNC:20803","ENSG00000127526","79939","10","3"
"SLC35E2A","solute carrier family 35 member E2A","KIAA0447","HGNC:20863","ENSG00000215790","9906","6","2"
"SLC35E2B","solute carrier family 35 member E2B","","HGNC:33941","ENSG00000189339","728661","5","1"
"SLC35E3","solute carrier family 35 member E3","BLOV1","HGNC:20864","ENSG00000175782","55508","5","1"
"SLC35E4","solute carrier family 35 member E4","","HGNC:17058","ENSG00000100036","339665","3","2"
"SLC35F1","solute carrier family 35 member F1","dJ230I3.1","HGNC:21483","ENSG00000196376","222553","2","2"
"SLC35F2","solute carrier family 35 member F2","FLJ13018","HGNC:23615","ENSG00000110660","54733","6","3"
"SLC35F3","solute carrier family 35 member F3","FLJ37712","HGNC:23616","ENSG00000183780","148641","2","2"
"SLC35F4","solute carrier family 35 member F4","FLJ37712","HGNC:19845","ENSG00000151812","341880","8","2"
"SLC35F5","solute carrier family 35 member F5","FLJ22004","HGNC:23617","ENSG00000115084","80255","13","1"
"SLC35F6","solute carrier family 35 member F6","FLJ20555,ANT2BP,TANGO9","HGNC:26055","ENSG00000213699","54978","4","1"
"SLC35G1","solute carrier family 35 member G1","FLJ33990,C10orf60","HGNC:26607","ENSG00000176273","159371","6","2"
"SLC35G2","solute carrier family 35 member G2","MGC3295,DKFZp564K2464","HGNC:28480","ENSG00000168917","80723","3","1"
"SLC35G3","solute carrier family 35 member G3","FLJ40154","HGNC:26848","ENSG00000164729","146861","1","1"
"SLC35G4","solute carrier family 35 member G4","","HGNC:31043","ENSG00000236396","646000","1","1"
"SLC35G5","solute carrier family 35 member G5","","HGNC:15546","ENSG00000177710","83650","1","1"
"SLC35G6","solute carrier family 35 member G6","","HGNC:31351","ENSG00000259224","643664","1","1"
"SLC36A1","solute carrier family 36 member 1","LYAAT-1,PAT1,TRAMD3","HGNC:18761","ENSG00000123643","206358","11","3"
"SLC36A2","solute carrier family 36 member 2","PAT2,tramdorin,TRAMD1","HGNC:18762","ENSG00000186335","153201","6","3"
"SLC36A3","solute carrier family 36 member 3","PAT3,TRAMD2,tramdorin2","HGNC:19659","ENSG00000186334","285641","3","3"
"SLC36A4","solute carrier family 36 member 4","PAT4,FLJ38932","HGNC:19660","ENSG00000180773","120103","7","2"
"SLC37A1","solute carrier family 37 member 1","","HGNC:11024","ENSG00000160190","54020","9","1"
"SLC37A2","solute carrier family 37 member 2","FLJ00171","HGNC:20644","ENSG00000134955","219855","6","4"
"SLC37A3","solute carrier family 37 member 3","DKFZp761N0624","HGNC:20651","ENSG00000157800","84255","28","3"
"SLC37A4","solute carrier family 37 member 4","GSD1b,GSD1c,GSD1d","HGNC:4061","ENSG00000137700","2542","21","2"
"SLC38A1","solute carrier family 38 member 1","ATA1,NAT2,SAT1","HGNC:13447","ENSG00000111371","81539","11","1"
"SLC38A2","solute carrier family 38 member 2","SAT2,ATA2,KIAA1382,SNAT2","HGNC:13448","ENSG00000134294","54407","14","2"
"SLC38A3","solute carrier family 38 member 3","G17,SN1","HGNC:18044","ENSG00000188338","10991","9","1"
"SLC38A4","solute carrier family 38 member 4","PAAT,NAT3,ATA3","HGNC:14679","ENSG00000139209","55089","5","1"
"SLC38A5","solute carrier family 38 member 5","SN2,JM24","HGNC:18070","ENSG00000017483","92745","14","2"
"SLC38A6","solute carrier family 38 member 6","NAT-1","HGNC:19863","ENSG00000139974","145389","20","2"
"SLC38A7","solute carrier family 38 member 7","FLJ10815","HGNC:25582","ENSG00000103042","55238","16","1"
"SLC38A8","solute carrier family 38 member 8","","HGNC:32434","ENSG00000166558","146167","4","1"
"SLC38A9","solute carrier family 38 member 9","FLJ90709","HGNC:26907","ENSG00000177058","153129","26","3"
"SLC38A10","solute carrier family 38 member 10","MGC15523,PP1744","HGNC:28237","ENSG00000157637","124565","11","2"
"SLC38A11","solute carrier family 38 member 11","FLJ39822,AVT2","HGNC:26836","ENSG00000169507","151258","10","2"
"SLC39A1","solute carrier family 39 member 1","ZIP1","HGNC:12876","ENSG00000143570","27173","11","2"
"SLC39A2","solute carrier family 39 member 2","ZIP2","HGNC:17127","ENSG00000165794","29986","3","2"
"SLC39A3","solute carrier family 39 member 3","ZIP3","HGNC:17128","ENSG00000141873","29985","6","2"
"SLC39A4","solute carrier family 39 member 4","ZIP4,AWMS2","HGNC:17129","ENSG00000147804","55630","9","2"
"SLC39A5","solute carrier family 39 member 5","","HGNC:20502","ENSG00000139540","283375","11","1"
"SLC39A6","solute carrier family 39 member 6","LIV-1","HGNC:18607","ENSG00000141424","25800","4","2"
"SLC39A7","solute carrier family 39 member 7","H2-KE4,D6S2244E,KE4,RING5,ZIP7","HGNC:4927","ENSG00000112473","7922","4","1"
"SLC39A8","solute carrier family 39 member 8","BIGM103","HGNC:20862","ENSG00000138821","64116","8","2"
"SLC39A9","solute carrier family 39 member 9","FLJ11274","HGNC:20182","ENSG00000029364","55334","11","3"
"SLC39A10","solute carrier family 39 member 10","KIAA1265,FLJ90515,DKFZp564L2123","HGNC:20861","ENSG00000196950","57181","9","2"
"SLC39A11","solute carrier family 39 member 11","","HGNC:14463","ENSG00000133195","201266","17","2"
"SLC39A12","solute carrier family 39 member 12","FLJ30499","HGNC:20860","ENSG00000148482","221074","4","4"
"SLC39A13","solute carrier family 39 member 13","FLJ25785","HGNC:20859","ENSG00000165915","91252","13","2"
"SLC39A14","solute carrier family 39 member 14","KIAA0062,NET34,ZIP14","HGNC:20858","ENSG00000104635","23516","12","3"
"SLC40A1","solute carrier family 40 member 1","MTP1,IREG1,FPN1,HFE4","HGNC:10909","ENSG00000138449","30061","7","1"
"SLC41A1","solute carrier family 41 member 1","MgtE","HGNC:19429","ENSG00000133065","254428","4","1"
"SLC41A2","solute carrier family 41 member 2","DKFZP434K0427","HGNC:31045","ENSG00000136052","84102","10","1"
"SLC41A3","solute carrier family 41 member 3","FLJ20473","HGNC:31046","ENSG00000114544","54946","22","5"
"SLC43A1","solute carrier family 43 member 1","R00504,PB39","HGNC:9225","ENSG00000149150","8501","10","1"
"SLC43A2","solute carrier family 43 member 2","MGC34680","HGNC:23087","ENSG00000167703","124935","12","4"
"SLC43A3","solute carrier family 43 member 3","SEEEG-1,Eeg1,DKFZp762A227,FOAP-13,PRO1659","HGNC:17466","ENSG00000134802","29015","26","2"
"SLC44A1","solute carrier family 44 member 1","CDw92,CTL1,CHTL1,CD92","HGNC:18798","ENSG00000070214","23446","7","3"
"SLC44A2","solute carrier family 44 member 2","CTL2","HGNC:17292","ENSG00000129353","57153","15","3"
"SLC44A3","solute carrier family 44 member 3","MGC45474,CTL3","HGNC:28689","ENSG00000143036","126969","10","6"
"SLC44A4","solute carrier family 44 member 4","NG22,CTL4,FLJ14491,TPPT,DFNA72","HGNC:13941","ENSG00000204385","80736","10","4"
"SLC44A5","solute carrier family 44 member 5","MGC34032,CTL5","HGNC:28524","ENSG00000137968","204962","3","2"
"SLC45A1","solute carrier family 45 member 1","","HGNC:17939","ENSG00000162426","50651","4","1"
"SLC45A2","solute carrier family 45 member 2","AIM-1,OCA4","HGNC:16472","ENSG00000164175","51151","5","2"
"SLC45A3","solute carrier family 45 member 3","IPCA-6,prostein,IPCA-2,IPCA-8","HGNC:8642","ENSG00000158715","85414","2","1"
"SLC45A4","solute carrier family 45 member 4","KIAA1126","HGNC:29196","ENSG00000022567","57210","6","2"
"SLC46A1","solute carrier family 46 member 1","HCP1,MGC9564,PCFT","HGNC:30521","ENSG00000076351","113235","9","2"
"SLC46A2","solute carrier family 46 member 2","Ly110","HGNC:16055","ENSG00000119457","57864","2","1"
"SLC46A3","solute carrier family 46 member 3","DKFZp686A1775,FLJ42613","HGNC:27501","ENSG00000139508","283537","3","3"
"SLC47A1","solute carrier family 47 member 1","FLJ10847,MATE1","HGNC:25588","ENSG00000142494","55244","14","3"
"SLC47A2","solute carrier family 47 member 2","FLJ31196,MATE2,MATE2-K","HGNC:26439","ENSG00000180638","146802","10","4"
"SLC48A1","solute carrier family 48 member 1","FLJ20489,hHRG-1,HRG1","HGNC:26035","ENSG00000211584","55652","9","2"
"SLC49A3","solute carrier family 49 member 3","FLJ22269,LP2561","HGNC:26177","ENSG00000169026","84179","9","3"
"SLC49A4","solute carrier family 49 member 4","FLJ14784,RCC4","HGNC:16628","ENSG00000138463","84925","2","1"
"SLC50A1","solute carrier family 50 member 1","SCP,RP11-540D14.5,slv,RZPDo834D038D,HsSWEET1,SWEET1","HGNC:30657","ENSG00000169241","55974","15","3"
"SLC51A","solute carrier family 51 subunit alpha","OSTalpha","HGNC:29955","ENSG00000163959","200931","14","1"
"SLC51B","solute carrier family 51 subunit beta","OSTbeta","HGNC:29956","ENSG00000186198","123264","1","1"
"SLC52A1","solute carrier family 52 member 1","FLJ10060,GPCR42,PAR2,hRFT1,RFVT1","HGNC:30225","ENSG00000132517","55065","5","2"
"SLC52A2","solute carrier family 52 member 2","FLJ11856,PAR1,GPCR41,D15Ertd747e,RFVT2,hRFT3","HGNC:30224","ENSG00000185803","79581","15","1"
"SLC52A3","solute carrier family 52 member 3","bA371L19.1,hRFT2,RFVT3","HGNC:16187","ENSG00000101276","113278","6","2"
"ANKH","ANKH inorganic pyrophosphate transport regulator","HANK,ANK,CPPDD,SLC62A1","HGNC:15492","ENSG00000154122","56172","9","2"
"CLN3","CLN3 lysosomal/endosomal transmembrane protein, battenin","JNCL,BTN1","HGNC:2074","ENSG00000188603","1201","64","6"
"FLVCR1","FLVCR heme transporter 1","FLVCR,MFSD7B,PCA","HGNC:24682","ENSG00000162769","28982","5","2"
"FLVCR2","FLVCR heme transporter 2","FLJ20371,MFSD7C","HGNC:20105","ENSG00000119686","55640","13","2"
"LETM1","leucine zipper and EF-hand containing transmembrane protein 1","SLC55A1","HGNC:6556","ENSG00000168924","3954","7","1"
"LETM2","leucine zipper and EF-hand containing transmembrane protein 2","FLJ25409,SLC55A2","HGNC:14648","ENSG00000165046","137994","15","4"
"LETMD1","LETM1 domain containing 1","HCCR1,HCCR,HCCR-2,HCCR-1,HCCR2,SLC55A3","HGNC:24241","ENSG00000050426","25875","38","6"
"MAGT1","magnesium transporter 1","DKFZp564K142,IAP,OST3B,MRX95","HGNC:28880","ENSG00000102158","84061","5","2"
"MFSD1","major facilitator superfamily domain containing 1","FLJ14153,UG0581B09","HGNC:25874","ENSG00000118855","64747","19","5"
"MFSD2A","major facilitator superfamily domain containing 2A","FLJ14490","HGNC:25897","ENSG00000168389","84879","10","2"
"MFSD2B","major facilitator superfamily domain containing 2B","","HGNC:37207","ENSG00000205639","388931","5","1"
"MFSD3","major facilitator superfamily domain containing 3","","HGNC:25157","ENSG00000167700","113655","4","1"
"MFSD4A","major facilitator superfamily domain containing 4A","DKFZp761N1114,FLJ34577,UNQ3064,FLJ25004","HGNC:25433","ENSG00000174514","148808","11","1"
"MFSD4B","major facilitator superfamily domain containing 4B","MGC33953","HGNC:21053","ENSG00000173214","91749","1","1"
"MFSD5","major facilitator superfamily domain containing 5","MGC11308,HsMOT2","HGNC:28156","ENSG00000182544","84975","5","2"
"MFSD6","major facilitator superfamily domain containing 6","FLJ20160","HGNC:24711","ENSG00000151690","54842","10","1"
"MFSD6L","major facilitator superfamily domain containing 6 like","FLJ35773","HGNC:26656","ENSG00000185156","162387","1","1"
"MFSD8","major facilitator superfamily domain containing 8","MGC33302","HGNC:28486","ENSG00000164073","256471","62","2"
"MFSD9","major facilitator superfamily domain containing 9","MGC11332","HGNC:28158","ENSG00000135953","84804","8","1"
"MFSD10","major facilitator superfamily domain containing 10","TETRAN,IT10C3","HGNC:16894","ENSG00000109736","10227","11","1"
"MFSD11","major facilitator superfamily domain containing 11","FLJ22196,FLJ20226","HGNC:25458","ENSG00000092931","79157","20","2"
"MFSD12","major facilitator superfamily domain containing 12","MGC20700,PP3501","HGNC:28299","ENSG00000161091","126321","15","2"
"MFSD13A","major facilitator superfamily domain containing 13A","FLJ22529,bA18I14.8","HGNC:26196","ENSG00000138111","79847","5","1"
"MFSD14A","major facilitator superfamily domain containing 14A","DKFZP564L0864","HGNC:23363","ENSG00000156875","64645","2","1"
"MFSD14B","major facilitator superfamily domain containing 14B","FLJ14753","HGNC:23376","ENSG00000148110","84641","2","1"
"MPC1","mitochondrial pyruvate carrier 1","dJ68L15.3,CGI-129,SLC54A1","HGNC:21606","ENSG00000060762","51660","7","1"
"MPC1L","mitochondrial pyruvate carrier 1 like","SLC54A3","HGNC:44205","ENSG00000238205","347411","1","1"
"MPC2","mitochondrial pyruvate carrier 2","DKFZP564B167,SLC54A2","HGNC:24515","ENSG00000143158","25874","3","1"
"MTCH1","mitochondrial carrier 1","CGI-64,PSAP,SLC25A49","HGNC:17586","ENSG00000137409","23787","6","3"
"MTCH2","mitochondrial carrier 2","SLC25A50","HGNC:17587","ENSG00000109919","23788","6","1"
"NIPA1","NIPA magnesium transporter 1","MGC35570,SLC57A1","HGNC:17043","ENSG00000170113","123606","7","2"
"NIPA2","NIPA magnesium transporter 2","SLC57A2","HGNC:17044","ENSG00000140157","81614","10","2"
"NIPAL1","NIPA like domain containing 1","DKFZp686A06115","HGNC:27194","ENSG00000163293","152519","6","1"
"NIPAL2","NIPA like domain containing 2","FLJ13955","HGNC:25854","ENSG00000104361","79815","8","2"
"NIPAL3","NIPA like domain containing 3","DJ462O23.2","HGNC:25233","ENSG00000001461","57185","7","3"
"NIPAL4","NIPA like domain containing 4","ICHYN","HGNC:28018","ENSG00000172548","348938","5","2"
"NPC1","NPC intracellular cholesterol transporter 1","SLC65A1","HGNC:7897","ENSG00000141458","4864","14","2"
"NPC1L1","NPC1 like intracellular cholesterol transporter 1","SLC65A2","HGNC:7898","ENSG00000015520","29881","4","3"
"OCA2","OCA2 melanosomal transmembrane protein","BEY2,EYCL,BEY,BEY1","HGNC:8101","ENSG00000104044","4948","4","2"
"RHAG","Rh associated glycoprotein","RH50A,CD241,SLC42A1","HGNC:10006","ENSG00000112077","6005","8","1"
"RHBG","Rh family B glycoprotein","SLC42A2","HGNC:14572","ENSG00000132677","57127","9","1"
"RHCG","Rh family C glycoprotein","RHGK,PDRC2,SLC42A3","HGNC:18140","ENSG00000140519","51458","7","1"
"SFXN1","sideroflexin 1","FLJ12876,SLC56A1","HGNC:16085","ENSG00000164466","94081","12","1"
"SFXN2","sideroflexin 2","SLC56A2","HGNC:16086","ENSG00000156398","118980","13","1"
"SFXN3","sideroflexin 3","SFX3,SLC56A3","HGNC:16087","ENSG00000107819","81855","7","1"
"SFXN4","sideroflexin 4","SLC56A4","HGNC:16088","ENSG00000183605","119559","8","2"
"SFXN5","sideroflexin 5","BBG-TCC,SLC56A5","HGNC:16073","ENSG00000144040","94097","22","1"
"SPNS1","sphingolipid transporter 1 (putative)","HSpin1,nrs,SPINL,PP2030,SPIN1,LAT","HGNC:30621","ENSG00000169682","83985","12","5"
"SPNS2","sphingolipid transporter 2","","HGNC:26992","ENSG00000183018","124976","8","1"
"SPNS3","sphingolipid transporter 3 (putative)","MGC29671","HGNC:28433","ENSG00000182557","201305","6","2"
"SV2A","synaptic vesicle glycoprotein 2A","SV2,KIAA0736","HGNC:20566","ENSG00000159164","9900","2","2"
"SV2B","synaptic vesicle glycoprotein 2B","KIAA0735,HsT19680","HGNC:16874","ENSG00000185518","9899","6","2"
"SV2C","synaptic vesicle glycoprotein 2C","","HGNC:30670","ENSG00000122012","22987","3","1"
"SVOP","SV2 related protein","DKFZp761H039","HGNC:25417","ENSG00000166111","55530","5","1"
"SVOPL","SVOP like","MGC46715","HGNC:27034","ENSG00000157703","136306","7","2"
"TMEM104","transmembrane protein 104","FLJ20255,FLJ00021","HGNC:25984","ENSG00000109066","54868","7","2"
"TMEM165","transmembrane protein 165","TMPT27,TPARL,GDT1","HGNC:30760","ENSG00000134851","55858","12","2"
"TMEM241","transmembrane protein 241","MGC11386,FLJ44259","HGNC:31723","ENSG00000134490","85019","17","3"
"TUSC3","tumor suppressor candidate 3","MGC13453,N33,OST3A,MRT7,MagT2","HGNC:30242","ENSG00000104723","7991","13","2"
"UCP1","uncoupling protein 1","SLC25A7","HGNC:12517","ENSG00000109424","7350","1","1"
"UCP2","uncoupling protein 2","SLC25A8","HGNC:12518","ENSG00000175567","7351","10","1"
"UCP3","uncoupling protein 3","SLC25A9","HGNC:12519","ENSG00000175564","7352","4","2"
"UNC93A","unc-93 homolog A","dJ366N23.2,dJ366N23.1","HGNC:12570","ENSG00000112494","54346","5","2"
"UNC93B1","unc-93 homolog B1, TLR signaling regulator","UNC93","HGNC:13481","ENSG00000110057","81622","10","1"
"XPR1","xenotropic and polytropic retrovirus receptor 1","SYG1,X3,SLC53A1","HGNC:12827","ENSG00000143324","9213","5","2"